{
	"credit": "Made with Blockbench",
	"textures": {
		"0": "qualityarmory:all/rgbsheet1",
		"1": "qualityarmory:all/glasspanetexture",
		"2": "qualityarmory:all/texturedmaterials1",
		"particle": "qualityarmory:all/rgbsheet1"
	},
	"elements": [
		{
			"name": "Cube",
			"from": [7.25, 3.75, 7],
			"to": [8.75, 4, 13],
			"faces": {
				"north": {"uv": [3, 9, 6, 12], "texture": "#2"},
				"east": {"uv": [3, 9, 6, 12], "texture": "#2"},
				"south": {"uv": [3, 9, 6, 12], "texture": "#2"},
				"west": {"uv": [3, 9, 6, 12], "texture": "#2"},
				"up": {"uv": [3, 9, 6, 12], "texture": "#2"},
				"down": {"uv": [3, 9, 6, 12], "texture": "#2"}
			}
		},
		{
			"name": "Cube",
			"from": [7, 2, 7],
			"to": [9, 3.75, 13],
			"faces": {
				"north": {"uv": [3, 9, 6, 12], "texture": "#2"},
				"east": {"uv": [3, 9, 6, 12], "texture": "#2"},
				"south": {"uv": [3, 9, 6, 12], "texture": "#2"},
				"west": {"uv": [3, 9, 6, 12], "texture": "#2"},
				"up": {"uv": [3, 9, 6, 12], "texture": "#2"},
				"down": {"uv": [3, 9, 6, 12], "texture": "#2"}
			}
		},
		{
			"name": "ReloadBit",
			"from": [9, 3, 9],
			"to": [9.1, 3.5, 12],
			"faces": {
				"north": {"uv": [8, 15, 9, 16], "texture": "#0"},
				"east": {"uv": [8, 15, 9, 16], "texture": "#0"},
				"south": {"uv": [8, 15, 9, 16], "texture": "#0"},
				"west": {"uv": [8, 15, 9, 16], "texture": "#0"},
				"up": {"uv": [8, 15, 9, 16], "texture": "#0"},
				"down": {"uv": [8, 15, 9, 16], "texture": "#0"}
			}
		},
		{
			"name": "nob",
			"from": [9, 3, 11],
			"to": [9.5, 3.5, 11.5],
			"faces": {
				"north": {"uv": [8, 15, 9, 16], "texture": "#0"},
				"east": {"uv": [8, 15, 9, 16], "texture": "#0"},
				"south": {"uv": [8, 15, 9, 16], "texture": "#0"},
				"west": {"uv": [8, 15, 9, 16], "texture": "#0"},
				"up": {"uv": [8, 15, 9, 16], "texture": "#0"},
				"down": {"uv": [8, 15, 9, 16], "texture": "#0"}
			}
		},
		{
			"name": "nuzzle",
			"from": [7.55, 2.8, -4.6],
			"to": [8.55, 3.3, 2.2],
			"faces": {
				"north": {"uv": [3, 9, 6, 12], "texture": "#2"},
				"east": {"uv": [3, 9, 6, 12], "texture": "#2"},
				"south": {"uv": [3, 9, 6, 12], "texture": "#2"},
				"west": {"uv": [5, 9, 6, 12], "texture": "#2"},
				"up": {"uv": [3, 9, 6, 12], "texture": "#2"},
				"down": {"uv": [3, 9, 6, 12], "texture": "#2"}
			}
		},
		{
			"name": "nuzzle",
			"from": [7.75, 2.7, -4.6],
			"to": [8.35, 3.45, 2.2],
			"faces": {
				"north": {"uv": [3, 9, 6, 12], "texture": "#2"},
				"east": {"uv": [3, 9, 6, 12], "texture": "#2"},
				"south": {"uv": [3, 9, 6, 12], "texture": "#2"},
				"west": {"uv": [3, 9, 6, 12], "texture": "#2"},
				"up": {"uv": [3, 9, 4, 12], "rotation": 90, "texture": "#2"},
				"down": {"uv": [3, 9, 6, 12], "texture": "#2"}
			}
		},
		{
			"name": "Cube",
			"from": [7.8, 3.7, -0.6],
			"to": [8.3, 3.9, 2.2],
			"faces": {
				"north": {"uv": [3, 9, 6, 12], "texture": "#2"},
				"east": {"uv": [3, 9, 6, 12], "texture": "#2"},
				"south": {"uv": [3, 9, 6, 12], "texture": "#2"},
				"west": {"uv": [3, 9, 6, 12], "texture": "#2"},
				"up": {"uv": [3, 9, 6, 12], "texture": "#2"},
				"down": {"uv": [3, 9, 6, 12], "texture": "#2"}
			}
		},
		{
			"name": "Cube",
			"from": [7.8, 3.7, -0.6],
			"to": [8.3, 3.2, -0.2],
			"faces": {
				"north": {"uv": [3, 9, 6, 12], "texture": "#2"},
				"east": {"uv": [3, 9, 6, 12], "texture": "#2"},
				"south": {"uv": [3, 9, 6, 12], "texture": "#2"},
				"west": {"uv": [3, 9, 6, 12], "texture": "#2"},
				"up": {"uv": [3, 9, 6, 12], "texture": "#2"},
				"down": {"uv": [3, 9, 6, 12], "texture": "#2"}
			}
		},
		{
			"name": "mag",
			"from": [7.1, -0.3, 7.4],
			"to": [8.9, 2.7, 9.9],
			"faces": {
				"north": {"uv": [3, 9, 6, 12], "texture": "#2"},
				"east": {"uv": [3, 9, 6, 12], "texture": "#2"},
				"south": {"uv": [3, 9, 6, 12], "texture": "#2"},
				"west": {"uv": [3, 9, 6, 12], "texture": "#2"},
				"up": {"uv": [3, 9, 6, 12], "texture": "#2"},
				"down": {"uv": [3, 9, 6, 12], "texture": "#2"}
			}
		},
		{
			"name": "leffsidereload",
			"from": [6.9, 3, 9],
			"to": [7, 3.5, 12],
			"faces": {
				"north": {"uv": [8, 15, 9, 16], "texture": "#0"},
				"east": {"uv": [8, 15, 9, 16], "texture": "#0"},
				"south": {"uv": [8, 15, 9, 16], "texture": "#0"},
				"west": {"uv": [8, 15, 9, 16], "texture": "#0"},
				"up": {"uv": [8, 15, 9, 16], "texture": "#0"},
				"down": {"uv": [8, 15, 9, 16], "texture": "#0"}
			}
		},
		{
			"name": "MAG-GROVE-START",
			"from": [7, -0.3, 9.6],
			"to": [7.1, 2, 9.8],
			"faces": {
				"north": {"uv": [8, 15, 9, 16], "texture": "#0"},
				"east": {"uv": [8, 15, 9, 16], "texture": "#0"},
				"south": {"uv": [8, 15, 9, 16], "texture": "#0"},
				"west": {"uv": [8, 15, 9, 16], "texture": "#0"},
				"up": {"uv": [8, 15, 9, 16], "texture": "#0"},
				"down": {"uv": [8, 15, 9, 16], "texture": "#0"}
			}
		},
		{
			"name": "Cube",
			"from": [7, -0.3, 9],
			"to": [7.1, 2, 9.2],
			"faces": {
				"north": {"uv": [8, 15, 9, 16], "texture": "#0"},
				"east": {"uv": [8, 15, 9, 16], "texture": "#0"},
				"south": {"uv": [8, 15, 9, 16], "texture": "#0"},
				"west": {"uv": [8, 15, 9, 16], "texture": "#0"},
				"up": {"uv": [8, 15, 9, 16], "texture": "#0"},
				"down": {"uv": [8, 15, 9, 16], "texture": "#0"}
			}
		},
		{
			"name": "Cube",
			"from": [7, -0.3, 8.4],
			"to": [7.1, 2, 8.6],
			"faces": {
				"north": {"uv": [8, 15, 9, 16], "texture": "#0"},
				"east": {"uv": [8, 15, 9, 16], "texture": "#0"},
				"south": {"uv": [8, 15, 9, 16], "texture": "#0"},
				"west": {"uv": [8, 15, 9, 16], "texture": "#0"},
				"up": {"uv": [8, 15, 9, 16], "texture": "#0"},
				"down": {"uv": [8, 15, 9, 16], "texture": "#0"}
			}
		},
		{
			"name": "GROVE-LEFT-END",
			"from": [7, -0.3, 7.8],
			"to": [7.1, 2, 8],
			"faces": {
				"north": {"uv": [8, 15, 9, 16], "texture": "#0"},
				"east": {"uv": [8, 15, 9, 16], "texture": "#0"},
				"south": {"uv": [8, 15, 9, 16], "texture": "#0"},
				"west": {"uv": [8, 15, 9, 16], "texture": "#0"},
				"up": {"uv": [8, 15, 9, 16], "texture": "#0"},
				"down": {"uv": [8, 15, 9, 16], "texture": "#0"}
			}
		},
		{
			"name": "MAG-GROVE-RIGHt-START",
			"from": [8.9, -0.3, 7.8],
			"to": [9, 2, 8],
			"faces": {
				"north": {"uv": [8, 15, 9, 16], "texture": "#0"},
				"east": {"uv": [8, 15, 9, 16], "texture": "#0"},
				"south": {"uv": [8, 15, 9, 16], "texture": "#0"},
				"west": {"uv": [8, 15, 9, 16], "texture": "#0"},
				"up": {"uv": [8, 15, 9, 16], "texture": "#0"},
				"down": {"uv": [8, 15, 9, 16], "texture": "#0"}
			}
		},
		{
			"name": "Cube",
			"from": [8.9, -0.3, 8.4],
			"to": [9, 2, 8.6],
			"faces": {
				"north": {"uv": [8, 15, 9, 16], "texture": "#0"},
				"east": {"uv": [8, 15, 9, 16], "texture": "#0"},
				"south": {"uv": [8, 15, 9, 16], "texture": "#0"},
				"west": {"uv": [8, 15, 9, 16], "texture": "#0"},
				"up": {"uv": [8, 15, 9, 16], "texture": "#0"},
				"down": {"uv": [8, 15, 9, 16], "texture": "#0"}
			}
		},
		{
			"name": "Cube",
			"from": [8.9, -0.3, 9],
			"to": [9, 2, 9.2],
			"faces": {
				"north": {"uv": [8, 15, 9, 16], "texture": "#0"},
				"east": {"uv": [8, 15, 9, 16], "texture": "#0"},
				"south": {"uv": [8, 15, 9, 16], "texture": "#0"},
				"west": {"uv": [8, 15, 9, 16], "texture": "#0"},
				"up": {"uv": [8, 15, 9, 16], "texture": "#0"},
				"down": {"uv": [8, 15, 9, 16], "texture": "#0"}
			}
		},
		{
			"name": "RIGHT_GROVE_END",
			"from": [8.9, -0.3, 9.5],
			"to": [9, 2, 9.7],
			"faces": {
				"north": {"uv": [8, 15, 9, 16], "texture": "#0"},
				"east": {"uv": [8, 15, 9, 16], "texture": "#0"},
				"south": {"uv": [8, 15, 9, 16], "texture": "#0"},
				"west": {"uv": [8, 15, 9, 16], "texture": "#0"},
				"up": {"uv": [8, 15, 9, 16], "texture": "#0"},
				"down": {"uv": [8, 15, 9, 16], "texture": "#0"}
			}
		},
		{
			"name": "SightBottom",
			"from": [7.75, 4.5, 7],
			"to": [8.25, 4.6, 13],
			"rotation": {"angle": -22.5, "axis": "z", "origin": [8, 5.5, 8]},
			"faces": {
				"north": {"uv": [0, 9, 0.1, 9.5], "rotation": 90, "texture": "#2"},
				"east": {"uv": [0, 9, 0.1, 15], "rotation": 90, "texture": "#2"},
				"south": {"uv": [0, 9, 0.1, 9.5], "rotation": 90, "texture": "#2"},
				"west": {"uv": [0, 9, 0.1, 15], "rotation": 90, "texture": "#2"},
				"up": {"uv": [0, 9, 6, 9.5], "rotation": 90, "texture": "#2"},
				"down": {"uv": [0, 9, 6, 9.5], "rotation": 90, "texture": "#2"}
			}
		},
		{
			"name": "SightBottom",
			"from": [7, 5.25, 7],
			"to": [7.1, 5.75, 13],
			"rotation": {"angle": 45, "axis": "z", "origin": [8, 5.5, 8]},
			"faces": {
				"north": {"uv": [0, 9, 0.5, 9.1], "rotation": 90, "texture": "#2"},
				"east": {"uv": [0, 9, 6, 9.5], "rotation": 180, "texture": "#2"},
				"south": {"uv": [0, 9, 0.5, 9.1], "rotation": 90, "texture": "#2"},
				"west": {"uv": [0, 9, 6, 9.5], "texture": "#2"},
				"up": {"uv": [0, 9, 6, 9.1], "rotation": 90, "texture": "#2"},
				"down": {"uv": [0, 9, 6, 9.1], "rotation": 270, "texture": "#2"}
			}
		},
		{
			"name": "SightBottom",
			"from": [7, 5.25, 7],
			"to": [7.1, 5.75, 13],
			"rotation": {"angle": 22.5, "axis": "z", "origin": [8, 5.5, 8]},
			"faces": {
				"north": {"uv": [0, 9, 0.5, 9.1], "rotation": 90, "texture": "#2"},
				"east": {"uv": [0, 9, 6, 9.5], "rotation": 180, "texture": "#2"},
				"south": {"uv": [0, 9, 0.5, 9.1], "rotation": 90, "texture": "#2"},
				"west": {"uv": [0, 9, 6, 9.5], "texture": "#2"},
				"up": {"uv": [0, 9, 6, 9.1], "rotation": 90, "texture": "#2"},
				"down": {"uv": [0, 9, 6, 9.1], "rotation": 270, "texture": "#2"}
			}
		},
		{
			"name": "SightBottom",
			"from": [7, 5.25, 7],
			"to": [7.1, 5.75, 13],
			"faces": {
				"north": {"uv": [0, 9, 0.5, 9.1], "rotation": 90, "texture": "#2"},
				"east": {"uv": [0, 9, 6, 9.5], "rotation": 180, "texture": "#2"},
				"south": {"uv": [0, 9, 0.5, 9.1], "rotation": 90, "texture": "#2"},
				"west": {"uv": [0, 9, 6, 9.5], "texture": "#2"},
				"up": {"uv": [0, 9, 6, 9.1], "rotation": 90, "texture": "#2"},
				"down": {"uv": [0, 9, 6, 9.1], "rotation": 270, "texture": "#2"}
			}
		},
		{
			"name": "SightBottom",
			"from": [7, 5.25, 7],
			"to": [7.1, 5.75, 13],
			"rotation": {"angle": -22.5, "axis": "z", "origin": [8, 5.5, 8]},
			"faces": {
				"north": {"uv": [0, 9, 0.5, 9.1], "rotation": 90, "texture": "#2"},
				"east": {"uv": [0, 9, 6, 9.5], "rotation": 180, "texture": "#2"},
				"south": {"uv": [0, 9, 0.5, 9.1], "rotation": 90, "texture": "#2"},
				"west": {"uv": [0, 9, 6, 9.5], "texture": "#2"},
				"up": {"uv": [0, 9, 6, 9.1], "rotation": 90, "texture": "#2"},
				"down": {"uv": [0, 9, 6, 9.1], "rotation": 270, "texture": "#2"}
			}
		},
		{
			"name": "SightBottom",
			"from": [7.75, 6.4, 7],
			"to": [8.25, 6.5, 13],
			"rotation": {"angle": 45, "axis": "z", "origin": [8, 5.5, 8]},
			"faces": {
				"north": {"uv": [0, 9, 0.1, 9.5], "rotation": 90, "texture": "#2"},
				"east": {"uv": [0, 9, 0.1, 15], "rotation": 90, "texture": "#2"},
				"south": {"uv": [0, 9, 0.1, 9.5], "rotation": 90, "texture": "#2"},
				"west": {"uv": [0, 9, 0.1, 15], "rotation": 90, "texture": "#2"},
				"up": {"uv": [0, 9, 6, 9.5], "rotation": 90, "texture": "#2"},
				"down": {"uv": [0, 9, 6, 9.5], "rotation": 270, "texture": "#2"}
			}
		},
		{
			"name": "SightBottom",
			"from": [7.75, 6.4, 7],
			"to": [8.25, 6.5, 13],
			"rotation": {"angle": 22.5, "axis": "z", "origin": [8, 5.5, 8]},
			"faces": {
				"north": {"uv": [0, 9, 0.1, 9.5], "rotation": 90, "texture": "#2"},
				"east": {"uv": [0, 9, 0.1, 15], "rotation": 90, "texture": "#2"},
				"south": {"uv": [0, 9, 0.1, 9.5], "rotation": 90, "texture": "#2"},
				"west": {"uv": [0, 9, 0.1, 15], "rotation": 90, "texture": "#2"},
				"up": {"uv": [0, 9, 6, 9.5], "rotation": 90, "texture": "#2"},
				"down": {"uv": [0, 9, 6, 9.5], "rotation": 270, "texture": "#2"}
			}
		},
		{
			"name": "SightBottom",
			"from": [7.75, 6.4, 7],
			"to": [8.25, 6.5, 13],
			"faces": {
				"north": {"uv": [0, 9, 0.1, 9.5], "rotation": 90, "texture": "#2"},
				"east": {"uv": [0, 9, 0.1, 15], "rotation": 90, "texture": "#2"},
				"south": {"uv": [0, 9, 0.1, 9.5], "rotation": 90, "texture": "#2"},
				"west": {"uv": [0, 9, 0.1, 15], "rotation": 90, "texture": "#2"},
				"up": {"uv": [0, 9, 6, 9.5], "rotation": 90, "texture": "#2"},
				"down": {"uv": [0, 9, 6, 9.5], "rotation": 270, "texture": "#2"}
			}
		},
		{
			"name": "SightBottom",
			"from": [7.75, 6.4, 7],
			"to": [8.25, 6.5, 13],
			"rotation": {"angle": -22.5, "axis": "z", "origin": [8, 5.5, 8]},
			"faces": {
				"north": {"uv": [0, 9, 0.1, 9.5], "rotation": 90, "texture": "#2"},
				"east": {"uv": [0, 9, 0.1, 15], "rotation": 90, "texture": "#2"},
				"south": {"uv": [0, 9, 0.1, 9.5], "rotation": 90, "texture": "#2"},
				"west": {"uv": [0, 9, 0.1, 15], "rotation": 90, "texture": "#2"},
				"up": {"uv": [0, 9, 6, 9.5], "rotation": 90, "texture": "#2"},
				"down": {"uv": [0, 9, 6, 9.5], "rotation": 90, "texture": "#2"}
			}
		},
		{
			"name": "SightBottom",
			"from": [8.9, 5.25, 7],
			"to": [9, 5.75, 13],
			"rotation": {"angle": 45, "axis": "z", "origin": [8, 5.5, 8]},
			"faces": {
				"north": {"uv": [0, 9, 0.5, 9.1], "rotation": 90, "texture": "#2"},
				"east": {"uv": [0, 9, 6, 9.5], "texture": "#2"},
				"south": {"uv": [0, 9, 0.5, 9.1], "rotation": 90, "texture": "#2"},
				"west": {"uv": [0, 9, 6, 9.5], "texture": "#2"},
				"up": {"uv": [0, 9, 6, 9.1], "rotation": 90, "texture": "#2"},
				"down": {"uv": [0, 9, 6, 9.1], "rotation": 90, "texture": "#2"}
			}
		},
		{
			"name": "SightBottom",
			"from": [8.9, 5.25, 7],
			"to": [9, 5.75, 13],
			"rotation": {"angle": 22.5, "axis": "z", "origin": [8, 5.5, 8]},
			"faces": {
				"north": {"uv": [0, 9, 0.5, 9.1], "rotation": 90, "texture": "#2"},
				"east": {"uv": [0, 9, 6, 9.5], "texture": "#2"},
				"south": {"uv": [0, 9, 0.5, 9.1], "rotation": 90, "texture": "#2"},
				"west": {"uv": [0, 9, 6, 9.5], "texture": "#2"},
				"up": {"uv": [0, 9, 6, 9.1], "rotation": 90, "texture": "#2"},
				"down": {"uv": [0, 9, 6, 9.1], "rotation": 90, "texture": "#2"}
			}
		},
		{
			"name": "SightBottom",
			"from": [8.9, 5.25, 7],
			"to": [9, 5.75, 13],
			"faces": {
				"north": {"uv": [0, 9, 0.5, 9.1], "rotation": 90, "texture": "#2"},
				"east": {"uv": [0, 9, 6, 9.5], "texture": "#2"},
				"south": {"uv": [0, 9, 0.5, 9.1], "rotation": 90, "texture": "#2"},
				"west": {"uv": [0, 9, 6, 9.5], "texture": "#2"},
				"up": {"uv": [0, 9, 6, 9.1], "rotation": 90, "texture": "#2"},
				"down": {"uv": [0, 9, 6, 9.1], "rotation": 90, "texture": "#2"}
			}
		},
		{
			"name": "SightBottom",
			"from": [8.9, 5.25, 7],
			"to": [9, 5.75, 13],
			"rotation": {"angle": -22.5, "axis": "z", "origin": [8, 5.5, 8]},
			"faces": {
				"north": {"uv": [0, 9, 0.5, 9.1], "rotation": 90, "texture": "#2"},
				"east": {"uv": [0, 9, 6, 9.5], "texture": "#2"},
				"south": {"uv": [0, 9, 0.5, 9.1], "rotation": 90, "texture": "#2"},
				"west": {"uv": [0, 9, 6, 9.5], "texture": "#2"},
				"up": {"uv": [0, 9, 6, 9.1], "rotation": 90, "texture": "#2"},
				"down": {"uv": [0, 9, 6, 9.1], "rotation": 90, "texture": "#2"}
			}
		},
		{
			"name": "SightBottom",
			"from": [7.75, 4.5, 7],
			"to": [8.25, 4.6, 13],
			"rotation": {"angle": 45, "axis": "z", "origin": [8, 5.5, 8]},
			"faces": {
				"north": {"uv": [0, 9, 0.1, 9.5], "rotation": 90, "texture": "#2"},
				"east": {"uv": [0, 9, 0.1, 15], "rotation": 90, "texture": "#2"},
				"south": {"uv": [0, 9, 0.1, 9.5], "rotation": 90, "texture": "#2"},
				"west": {"uv": [0, 9, 0.1, 15], "rotation": 90, "texture": "#2"},
				"up": {"uv": [0, 9, 6, 9.5], "rotation": 90, "texture": "#2"},
				"down": {"uv": [0, 9, 6, 9.5], "rotation": 90, "texture": "#2"}
			}
		},
		{
			"name": "SightBottom",
			"from": [7.75, 4.5, 7],
			"to": [8.25, 4.6, 13],
			"rotation": {"angle": 22.5, "axis": "z", "origin": [8, 5.5, 8]},
			"faces": {
				"north": {"uv": [0, 9, 0.1, 9.5], "rotation": 90, "texture": "#2"},
				"east": {"uv": [0, 9, 0.1, 15], "rotation": 90, "texture": "#2"},
				"south": {"uv": [0, 9, 0.1, 9.5], "rotation": 90, "texture": "#2"},
				"west": {"uv": [0, 9, 0.1, 15], "rotation": 90, "texture": "#2"},
				"up": {"uv": [0, 9, 6, 9.5], "rotation": 90, "texture": "#2"},
				"down": {"uv": [0, 9, 6, 9.5], "rotation": 90, "texture": "#2"}
			}
		},
		{
			"name": "SightBottom",
			"from": [7.75, 4.5, 7],
			"to": [8.25, 4.6, 13],
			"faces": {
				"north": {"uv": [0, 9, 0.1, 9.5], "rotation": 90, "texture": "#2"},
				"east": {"uv": [0, 9, 0.1, 15], "rotation": 90, "texture": "#2"},
				"south": {"uv": [0, 9, 0.1, 9.5], "rotation": 90, "texture": "#2"},
				"west": {"uv": [0, 9, 0.1, 15], "rotation": 90, "texture": "#2"},
				"up": {"uv": [0, 9, 6, 9.5], "rotation": 90, "texture": "#2"},
				"down": {"uv": [0, 9, 6, 9.5], "rotation": 90, "texture": "#2"}
			}
		},
		{
			"name": "Stand 2",
			"from": [7.5, 4, 11],
			"to": [8.5, 4.5, 12],
			"faces": {
				"north": {"uv": [3, 9, 6, 12], "texture": "#2"},
				"east": {"uv": [3, 9, 6, 12], "texture": "#2"},
				"south": {"uv": [3, 9, 6, 12], "texture": "#2"},
				"west": {"uv": [3, 9, 6, 12], "texture": "#2"},
				"up": {"uv": [3, 9, 6, 12], "texture": "#2"},
				"down": {"uv": [3, 9, 6, 12], "texture": "#2"}
			}
		},
		{
			"name": "Stand 1",
			"from": [7.5, 4, 9],
			"to": [8.5, 4.5, 10],
			"faces": {
				"north": {"uv": [3, 9, 6, 12], "texture": "#2"},
				"east": {"uv": [3, 9, 6, 12], "texture": "#2"},
				"south": {"uv": [3, 9, 6, 12], "texture": "#2"},
				"west": {"uv": [3, 9, 6, 12], "texture": "#2"},
				"up": {"uv": [3, 9, 6, 12], "texture": "#2"},
				"down": {"uv": [3, 9, 6, 12], "texture": "#2"}
			}
		},
		{
			"name": "Scopeswitch",
			"from": [8.85, 6.25, 9],
			"to": [9.25, 6.75, 9.5],
			"rotation": {"angle": -45, "axis": "z", "origin": [7.75, 8.75, 8]},
			"faces": {
				"north": {"uv": [8, 15, 9, 16], "texture": "#0"},
				"east": {"uv": [8, 15, 9, 16], "texture": "#0"},
				"south": {"uv": [8, 15, 9, 16], "texture": "#0"},
				"west": {"uv": [8, 15, 9, 16], "texture": "#0"},
				"up": {"uv": [8, 15, 9, 16], "texture": "#0"},
				"down": {"uv": [8, 15, 9, 16], "texture": "#0"}
			}
		},
		{
			"name": "glass",
			"from": [7.05, 5, 7.15],
			"to": [9.05, 6, 7.2],
			"faces": {
				"north": {"uv": [1, 1, 11, 6], "texture": "#1"},
				"east": {"uv": [1, 1, 11, 6], "texture": "#1"},
				"south": {"uv": [1, 1, 11, 6], "texture": "#1"},
				"west": {"uv": [1, 1, 11, 6], "texture": "#1"},
				"up": {"uv": [1, 1, 11, 6], "texture": "#1"},
				"down": {"uv": [1, 1, 11, 6], "texture": "#1"}
			}
		},
		{
			"name": "PartOfCross",
			"from": [7.95, 4.5, 8],
			"to": [8.05, 5.35, 8],
			"faces": {
				"north": {"uv": [12, 13, 13, 14.1], "texture": "#0"},
				"east": {"uv": [12, 13, 13, 14.1], "texture": "#0"},
				"south": {"uv": [12, 13, 13, 14.1], "texture": "#0"},
				"west": {"uv": [12, 13, 13, 14.1], "texture": "#0"},
				"up": {"uv": [12, 13, 13, 14.1], "texture": "#0"},
				"down": {"uv": [12, 13, 13, 14.1], "texture": "#0"}
			}
		},
		{
			"name": "PartOfCross",
			"from": [8.2, 5.5, 8],
			"to": [9, 5.6, 8],
			"faces": {
				"north": {"uv": [12, 13, 13, 14.1], "texture": "#0"},
				"east": {"uv": [12, 13, 13, 14.1], "texture": "#0"},
				"south": {"uv": [12, 13, 13, 14.1], "texture": "#0"},
				"west": {"uv": [12, 13, 13, 14.1], "texture": "#0"},
				"up": {"uv": [12, 13, 13, 14.1], "texture": "#0"},
				"down": {"uv": [12, 13, 13, 14.1], "texture": "#0"}
			}
		},
		{
			"name": "PartOfCross",
			"from": [7, 5.5, 8],
			"to": [7.8, 5.6, 8],
			"faces": {
				"north": {"uv": [12, 13, 13, 14.1], "texture": "#0"},
				"east": {"uv": [12, 13, 13, 14.1], "texture": "#0"},
				"south": {"uv": [12, 13, 13, 14.1], "texture": "#0"},
				"west": {"uv": [12, 13, 13, 14.1], "texture": "#0"},
				"up": {"uv": [12, 13, 13, 14.1], "texture": "#0"},
				"down": {"uv": [12, 13, 13, 14.1], "texture": "#0"}
			}
		},
		{
			"name": "glass",
			"from": [7.5, 4.5, 7.3],
			"to": [8.5, 6.5, 7.35],
			"faces": {
				"north": {"uv": [1, 1, 6, 11], "texture": "#1"},
				"east": {"uv": [1, 1, 6, 11], "texture": "#1"},
				"south": {"uv": [1, 1, 6, 11], "texture": "#1"},
				"west": {"uv": [1, 1, 6, 11], "texture": "#1"},
				"up": {"uv": [1, 1, 6, 11], "texture": "#1"},
				"down": {"uv": [1, 1, 6, 11], "texture": "#1"}
			}
		},
		{
			"name": "bottmwood",
			"from": [7.1, 2, 4.75],
			"to": [8.9, 3, 7],
			"faces": {
				"north": {"uv": [2, 0, 8, 4], "texture": "#2"},
				"east": {"uv": [2, 0, 8, 4], "texture": "#2"},
				"south": {"uv": [2, 0, 8, 4], "texture": "#2"},
				"west": {"uv": [2, 0, 8.25, 4], "texture": "#2"},
				"up": {"uv": [2, 0, 8, 4], "texture": "#2"},
				"down": {"uv": [2, 0, 8, 4], "texture": "#2"}
			}
		},
		{
			"name": "bottmwood",
			"from": [7.35, 1.75, 5],
			"to": [8.65, 3.5, 7],
			"faces": {
				"north": {"uv": [2, 0, 8, 4], "texture": "#2"},
				"east": {"uv": [2, 0, 8, 4], "texture": "#2"},
				"south": {"uv": [2, 0, 8, 4], "texture": "#2"},
				"west": {"uv": [2, 0, 8, 4], "texture": "#2"},
				"up": {"uv": [2, 0, 8, 4], "texture": "#2"},
				"down": {"uv": [2, 0, 8, 4], "texture": "#2"}
			}
		},
		{
			"name": "bottmwood",
			"from": [7.1, 3, 5.75],
			"to": [8.9, 3.25, 7],
			"faces": {
				"north": {"uv": [2, 0, 8.5, 2.5], "texture": "#2"},
				"east": {"uv": [2, 0, 8.5, 2.5], "texture": "#2"},
				"south": {"uv": [2, 0, 8.5, 2.5], "texture": "#2"},
				"west": {"uv": [2, 0, 8.5, 2.5], "texture": "#2"},
				"up": {"uv": [2, 0, 8.5, 2.5], "texture": "#2"},
				"down": {"uv": [2, 0, 8.5, 2.5], "texture": "#2"}
			}
		},
		{
			"name": "bottmwood",
			"from": [7.1, 3.25, 2.5],
			"to": [8.9, 3.75, 7],
			"faces": {
				"north": {"uv": [2, 0, 8.5, 2.5], "texture": "#2"},
				"east": {"uv": [2, 0, 8.5, 2.5], "texture": "#2"},
				"south": {"uv": [2, 0, 8.5, 2.5], "texture": "#2"},
				"west": {"uv": [2, 0, 8.5, 2.5], "texture": "#2"},
				"up": {"uv": [2, 0, 8.5, 2.5], "texture": "#2"},
				"down": {"uv": [2, 0, 8.5, 2.5], "texture": "#2"}
			}
		},
		{
			"name": "Cube",
			"from": [7.25, 3, 4.8],
			"to": [7.35, 3.4, 5.6],
			"faces": {
				"north": {"uv": [2, 0, 8, 4], "texture": "#2"},
				"east": {"uv": [2, 0, 8, 4], "texture": "#2"},
				"south": {"uv": [2, 0, 8, 4], "texture": "#2"},
				"west": {"uv": [2, 0, 8, 4], "texture": "#2"},
				"up": {"uv": [2, 0, 8, 4], "texture": "#2"},
				"down": {"uv": [2, 0, 8, 4], "texture": "#2"}
			}
		},
		{
			"name": "NobFor",
			"from": [7.8, 4, 5.4],
			"to": [8.3, 4.2, 7.2],
			"faces": {
				"north": {"uv": [2, 0, 2.5, 0.2], "texture": "#2"},
				"east": {"uv": [2, 0, 3.8, 0.2], "texture": "#2"},
				"south": {"uv": [2, 0, 2.5, 0.2], "texture": "#2"},
				"west": {"uv": [2, 0, 3.8, 0.2], "texture": "#2"},
				"up": {"uv": [2, 0, 2.5, 1.8], "texture": "#2"},
				"down": {"uv": [2, 0, 2.5, 1.8], "texture": "#2"}
			}
		},
		{
			"name": "bottmwood",
			"from": [7.1, 2.5, 2.5],
			"to": [8.9, 3, 5],
			"faces": {
				"north": {"uv": [2, 0, 3.8, 0.5], "texture": "#2"},
				"east": {"uv": [2, 0, 4.5, 0.5], "texture": "#2"},
				"south": {"uv": [2, 0, 3.8, 0.5], "texture": "#2"},
				"west": {"uv": [2, 0, 6.5, 1.5], "texture": "#2"},
				"up": {"uv": [2, 0, 3.8, 2.5], "texture": "#2"},
				"down": {"uv": [2, 0, 3.8, 2.5], "texture": "#2"}
			}
		},
		{
			"name": "Cube",
			"from": [7.25, 3, 2.8],
			"to": [7.35, 3.4, 3.6],
			"faces": {
				"north": {"uv": [2, 0, 8, 4], "texture": "#2"},
				"east": {"uv": [2, 0, 8, 4], "texture": "#2"},
				"south": {"uv": [2, 0, 8, 4], "texture": "#2"},
				"west": {"uv": [2, 0, 8, 4], "texture": "#2"},
				"up": {"uv": [2, 0, 8, 4], "texture": "#2"},
				"down": {"uv": [2, 0, 8, 4], "texture": "#2"}
			}
		},
		{
			"name": "bottmwood",
			"from": [7.1, 2.5, 1.75],
			"to": [8.9, 3.75, 2.5],
			"faces": {
				"north": {"uv": [2, 0, 8.5, 2.5], "texture": "#2"},
				"east": {"uv": [2, 0, 8.5, 2.5], "texture": "#2"},
				"south": {"uv": [2, 0, 8.5, 2.5], "texture": "#2"},
				"west": {"uv": [2, 0, 8.5, 2.5], "texture": "#2"},
				"up": {"uv": [2, 0, 8.5, 2.5], "texture": "#2"},
				"down": {"uv": [2, 0, 8.5, 2.5], "texture": "#2"}
			}
		},
		{
			"name": "Cube",
			"from": [8.65, 3, 2.8],
			"to": [8.75, 3.4, 3.6],
			"faces": {
				"north": {"uv": [2, 0, 3, 1], "texture": "#0"},
				"east": {"uv": [2, 0, 3, 1], "texture": "#0"},
				"south": {"uv": [2, 0, 3, 1], "texture": "#0"},
				"west": {"uv": [2, 0, 3, 1], "texture": "#0"},
				"up": {"uv": [2, 0, 3, 1], "texture": "#0"},
				"down": {"uv": [2, 0, 3, 1], "texture": "#0"}
			}
		},
		{
			"name": "Cube",
			"from": [8.65, 3, 4.8],
			"to": [8.75, 3.4, 5.6],
			"faces": {
				"north": {"uv": [2, 0, 3, 1], "texture": "#0"},
				"east": {"uv": [2, 0, 3, 1], "texture": "#0"},
				"south": {"uv": [2, 0, 3, 1], "texture": "#0"},
				"west": {"uv": [2, 0, 3, 1], "texture": "#0"},
				"up": {"uv": [2, 0, 3, 1], "texture": "#0"},
				"down": {"uv": [2, 0, 3, 1], "texture": "#0"}
			}
		},
		{
			"name": "Cube",
			"from": [8.65, 3, 3.8],
			"to": [8.75, 3.4, 4.6],
			"faces": {
				"north": {"uv": [2, 0, 3, 1], "texture": "#0"},
				"east": {"uv": [2, 0, 3, 1], "texture": "#0"},
				"south": {"uv": [2, 0, 3, 1], "texture": "#0"},
				"west": {"uv": [2, 0, 3, 1], "texture": "#0"},
				"up": {"uv": [2, 0, 3, 1], "texture": "#0"},
				"down": {"uv": [2, 0, 3, 1], "texture": "#0"}
			}
		},
		{
			"name": "Cube",
			"from": [7.25, 3, 3.8],
			"to": [7.35, 3.4, 4.6],
			"faces": {
				"north": {"uv": [2, 0, 8, 4], "texture": "#2"},
				"east": {"uv": [2, 0, 8, 4], "texture": "#2"},
				"south": {"uv": [2, 0, 8, 4], "texture": "#2"},
				"west": {"uv": [2, 0, 8, 4], "texture": "#2"},
				"up": {"uv": [2, 0, 8, 4], "texture": "#2"},
				"down": {"uv": [2, 0, 8, 4], "texture": "#2"}
			}
		},
		{
			"name": "Cube",
			"from": [7.35, 3, 2],
			"to": [8.65, 3.5, 7],
			"faces": {
				"north": {"uv": [6, 15, 7, 16], "texture": "#0"},
				"east": {"uv": [6, 15, 7, 16], "texture": "#0"},
				"south": {"uv": [6, 15, 7, 16], "texture": "#0"},
				"west": {"uv": [6, 15, 7, 16], "texture": "#0"},
				"up": {"uv": [6, 15, 7, 16], "texture": "#0"},
				"down": {"uv": [6, 15, 7, 16], "texture": "#0"}
			}
		},
		{
			"name": "Cube",
			"from": [7.35, 3.5, 2],
			"to": [8.65, 4, 7],
			"faces": {
				"north": {"uv": [2, 0, 8.5, 2.5], "texture": "#2"},
				"east": {"uv": [2, 0, 8.5, 2.5], "texture": "#2"},
				"south": {"uv": [2, 0, 8.5, 2.5], "texture": "#2"},
				"west": {"uv": [2, 0, 8.5, 2.5], "texture": "#2"},
				"up": {"uv": [2, 0, 8.5, 2.5], "texture": "#2"},
				"down": {"uv": [2, 0, 8.5, 2.5], "texture": "#2"}
			}
		},
		{
			"name": "Cube",
			"from": [7.1, -0.3, 19.8],
			"to": [8.9, 3.5, 21],
			"faces": {
				"north": {"uv": [2, 0, 3.8, 3.8], "texture": "#2"},
				"east": {"uv": [2, 0, 3.2, 3.8], "texture": "#2"},
				"south": {"uv": [2, 0, 3.8, 3.8], "texture": "#2"},
				"west": {"uv": [2, 0, 3.2, 3.8], "texture": "#2"},
				"up": {"uv": [2, 0, 3.8, 1.2], "texture": "#2"},
				"down": {"uv": [2, 0, 3.8, 1.2], "texture": "#2"}
			}
		},
		{
			"name": "Cube",
			"from": [7.1, -0.3, 18.4],
			"to": [8.9, 1.5, 19.9],
			"faces": {
				"north": {"uv": [2, 0, 3.8, 1.8], "texture": "#2"},
				"east": {"uv": [2, 0, 3.5, 1.8], "texture": "#2"},
				"south": {"uv": [2, 0, 3.8, 1.8], "texture": "#2"},
				"west": {"uv": [2, 0, 3.5, 1.8], "texture": "#2"},
				"up": {"uv": [2, 0, 3.8, 1.5], "texture": "#2"},
				"down": {"uv": [2, 0, 3.8, 1.5], "texture": "#2"}
			}
		},
		{
			"name": "Cube",
			"from": [7.1, 2.7, 12.4],
			"to": [8.9, 3.5, 19.9],
			"faces": {
				"north": {"uv": [2, 0, 8, 4], "texture": "#2"},
				"east": {"uv": [2, 0, 8, 4], "texture": "#2"},
				"south": {"uv": [2, 0, 8, 4], "texture": "#2"},
				"west": {"uv": [2, 0, 9.5, 0.8], "texture": "#2"},
				"up": {"uv": [2, 0, 8, 4], "texture": "#2"},
				"down": {"uv": [2, 0, 8, 4], "texture": "#2"}
			}
		},
		{
			"name": "Cube",
			"from": [7.35, 3.45, 12.4],
			"to": [8.65, 3.75, 20.9],
			"faces": {
				"north": {"uv": [2, 0, 3.3, 0.3], "texture": "#2"},
				"east": {"uv": [2, 0, 10.5, 0.3], "texture": "#2"},
				"south": {"uv": [2, 0, 3.3, 0.3], "texture": "#2"},
				"west": {"uv": [2, 0, 10.5, 0.3], "texture": "#2"},
				"up": {"uv": [2, 0, 10.5, 1.3], "rotation": 90, "texture": "#2"},
				"down": {"uv": [2, 0, 3.3, 8.5], "texture": "#2"}
			}
		},
		{
			"name": "Cube",
			"from": [7.11, -0.3, 13.4],
			"to": [8.91, 0.5, 18.9],
			"faces": {
				"north": {"uv": [2, 0, 3.8, 0.8], "texture": "#2"},
				"east": {"uv": [2, 0, 7.5, 0.8], "texture": "#2"},
				"south": {"uv": [2, 0, 3.8, 0.8], "texture": "#2"},
				"west": {"uv": [2, 0, 7.5, 0.8], "texture": "#2"},
				"up": {"uv": [2, 0, 3.8, 5.5], "texture": "#2"},
				"down": {"uv": [2, 0, 3.8, 5.5], "texture": "#2"}
			}
		},
		{
			"name": "handle",
			"from": [7.35, -2.3, 10.9],
			"to": [8.65, 1.5, 11.15],
			"rotation": {"angle": -22.5, "axis": "x", "origin": [8, 8, 8]},
			"faces": {
				"north": {"uv": [2, 0, 8, 4], "texture": "#2"},
				"east": {"uv": [2, 0, 8, 4], "texture": "#2"},
				"south": {"uv": [2, 0, 8, 4], "texture": "#2"},
				"west": {"uv": [2, 0, 8, 4], "texture": "#2"},
				"up": {"uv": [2, 0, 8, 4], "texture": "#2"},
				"down": {"uv": [2, 0, 8, 4], "texture": "#2"}
			}
		},
		{
			"name": "handle",
			"from": [7.1, -2.3, 9.4],
			"to": [8.9, 1.5, 10.9],
			"rotation": {"angle": -22.5, "axis": "x", "origin": [8, 8, 8]},
			"faces": {
				"north": {"uv": [2, 0, 8, 4], "texture": "#2"},
				"east": {"uv": [2, 0, 8, 4], "texture": "#2"},
				"south": {"uv": [2, 0, 8, 4], "texture": "#2"},
				"west": {"uv": [2, 0, 8, 4], "texture": "#2"},
				"up": {"uv": [2, 0, 8, 4], "texture": "#2"},
				"down": {"uv": [2, 0, 8, 4], "texture": "#2"}
			}
		},
		{
			"name": "Cube",
			"from": [7.1, 0.45, 16.4],
			"to": [8.9, 2.75, 18.4],
			"faces": {
				"north": {"uv": [2, 0, 3.8, 2.3], "texture": "#2"},
				"east": {"uv": [2, 0, 4, 2.3], "texture": "#2"},
				"south": {"uv": [2, 0, 3.8, 2.3], "texture": "#2"},
				"west": {"uv": [2, 0, 4, 2.3], "texture": "#2"},
				"up": {"uv": [2, 0, 3.8, 2], "texture": "#2"},
				"down": {"uv": [2, 0, 3.8, 2], "texture": "#2"}
			}
		}
	],
	"display": {
		"thirdperson_righthand": {
			"rotation": [-7, -2, -10],
			"translation": [0, 4, -2]
		},
		"thirdperson_lefthand": {
			"rotation": [-7, 1, 11],
			"translation": [-13, 4, -1.5]
		},
		"firstperson_righthand": {
			"rotation": [0, -2, 0],
			"translation": [0, 12, 0],
			"scale": [2, 2, 2]
		},
		"firstperson_lefthand": {
			"translation": [-8.95, 13.25, 7.5],
			"scale": [2, 2, 0.25]
		},
		"ground": {
			"rotation": [0, 0, -23],
			"translation": [0, 4.5, 0]
		},
		"gui": {
			"rotation": [45, -50, 0],
			"translation": [0, 3, 0],
			"scale": [0.6, 0.6, 0.6]
		},
		"fixed": {
			"rotation": [-97, 132, 99],
			"translation": [3.5, 3.25, -0.75]
		}
	},
	"groups": [0, 1, 2, 3, 4, 5, 6, 7, 8, 9, 10, 11, 12, 13, 14, 15, 16, 17, 18, 19, 20, 21, 22, 23, 24, 25, 26, 27, 28, 29, 30, 31, 32, 33, 34, 35, 36,
		{
			"name": "group",
			"origin": [8, 8, 8],
			"children": [37, 38, 39, 40, 41]
		},
		{
			"name": "group",
			"origin": [8, 8, 8],
			"children": [42, 43, 44, 45, 46, 47, 48, 49, 50, 51, 52, 53, 54, 55, 56]
		},
		{
			"name": "group",
			"origin": [8, 8, 8],
			"children": [57, 58, 59, 60, 61, 62, 63, 64]
		}
	]
}